Customer_ID,Date,Customer_Type,Group_Size,Attire,Seat_Type,Activity,Check_In,Check_Out,Stay_Duration_Min,Spend_Amount_CAD
C001,2026-03-02,Family,4,Casual,Table for 4,Conversation,7:50:00,8:20:00,30,32.54
C002,2026-03-02,Adult,2,Casual,Window Seat,Laptop,10:29:00,13:29:00,180,13.27
C003,2026-03-02,Adult,1,Business Casual,Table with 2 Chairs (Middle),Laptop,10:40:00,13:03:00,143,6.97
C004,2026-03-02,University Student,1,Casual,Window Seat,Laptop,10:57:00,13:26:00,149,5.32
C005,2026-03-02,Family,4,Casual,Big Round Table,Conversation,11:29:00,12:09:00,40,25.15
C006,2026-03-02,Teenagers,1,Casual,Table with 2 Chairs (Middle),Phone Browsing,12:03:00,12:18:00,15,7.49
C007,2026-03-02,Family,3,Casual,Table for 4,Conversation,14:16:00,14:50:00,34,24.08
C008,2026-03-03,Adult,1,Business Casual,Table with 2 Chairs (Middle),Phone Browsing,7:36:00,7:58:00,22,8.63
C009,2026-03-03,University Student,1,Casual,Table with 2 Chairs (Middle),Laptop,8:01:00,10:22:00,141,8.01
C010,2026-03-03,Adult,1,Business Casual,Table with 2 Chairs (Middle),Phone Browsing,9:55:00,10:30:00,35,13.99
C011,2026-03-03,Teenagers,1,Casual,Window Seat,Phone Browsing,10:30:00,11:10:00,40,7.09
C012,2026-03-03,Seniors,1,Casual,Window Seat,Reading,12:23:00,12:57:00,34,9.43
C013,2026-03-03,University Student,1,Casual,Window Seat,Laptop,12:36:00,15:00:00,144,4.26
C014,2026-03-03,University Student,1,Casual,Window Seat,Laptop,14:32:00,16:34:00,122,7.97
C015,2026-03-04,University Student,1,Casual,Table with 2 Chairs (Middle),Laptop,7:45:00,9:36:00,111,7.61
C016,2026-03-04,Family,3,Casual,Table for 4,Conversation,10:11:00,10:50:00,39,29.92
C017,2026-03-04,Seniors,2,Casual,Table for 4,Reading,12:21:00,12:52:00,31,8.73
C018,2026-03-04,University Student,1,Casual,Window Seat,Laptop,13:42:00,16:05:00,143,5.88
C019,2026-03-04,University Student,1,Business Casual,Window Seat,Laptop,13:59:00,15:24:00,85,3.85
C020,2026-03-04,Adult,1,Business Casual,Table with 2 Chairs (Middle),Laptop,15:07:00,17:33:00,146,12.02
C021,2026-03-04,Seniors,2,Casual,Table with 2 Chairs (Middle),Spacing Out,15:24:00,16:17:00,53,8.02
C022,2026-03-05,Children,1,Casual,Table with 2 Chairs (Middle),Spacing Out,7:00:00,7:11:00,11,5.2
C023,2026-03-05,Adult,1,Formal Business,Table with 2 Chairs (Middle),Conversation,8:55:00,9:48:00,53,11.95
C024,2026-03-05,Children,1,Casual,Window Seat,Spacing Out,9:22:00,9:28:00,6,3.06
C025,2026-03-05,Adult,2,Business Casual,Table with 2 Chairs (Middle),Laptop,9:27:00,11:48:00,141,12.46
C026,2026-03-05,Children,1,Casual,Table with 2 Chairs (Middle),Phone Browsing,9:55:00,10:05:00,10,3.09
C027,2026-03-05,Teenagers,2,Casual,Table with 2 Chairs (Middle),Conversation,11:11:00,11:36:00,25,18.84
C028,2026-03-05,Family,4,Casual,Table for 4,Conversation,15:29:00,16:04:00,35,32.95
C029,2026-03-06,Adult,1,Business Casual,Table with 2 Chairs (Middle),Phone Browsing,8:09:00,8:27:00,18,10.49
C030,2026-03-06,University Student,1,Business Casual,Window Seat,Laptop,8:58:00,10:55:00,117,7.34
C031,2026-03-06,Adult,2,Casual,Window Seat,Laptop,10:40:00,12:54:00,134,6.33
C032,2026-03-06,University Student,1,Business Casual,Window Seat,Laptop,11:58:00,13:51:00,113,6.05
C033,2026-03-06,Teenagers,2,Casual,Table with 2 Chairs (Middle),Phone Browsing,13:06:00,13:35:00,29,23.04
C034,2026-03-06,Adult,1,Formal Business,Window Seat,Laptop,13:27:00,15:16:00,109,6.15
C035,2026-03-06,University Student,1,Casual,Window Seat,Reading,14:30:00,15:46:00,76,8.48
C036,2026-03-09,University Student,1,Casual,Window Seat,Laptop,11:14:00,13:45:00,151,6.28
C037,2026-03-09,Adult,1,Formal Business,Window Seat,Conversation,12:11:00,12:20:00,9,4.89
C038,2026-03-09,Adult,2,Formal Business,Window Seat,Laptop,12:19:00,14:33:00,134,5.06
C039,2026-03-09,Seniors,1,Casual,Table with 2 Chairs (Middle),Conversation,12:23:00,13:50:00,87,9.57
C040,2026-03-09,University Student,1,Casual,Table with 2 Chairs (Middle),Reading,13:08:00,14:03:00,55,6.93
C041,2026-03-09,University Student,1,Casual,Window Seat,Sleeping,14:58:00,17:32:00,154,5.29
C042,2026-03-09,Family,3,Casual,Table for 4,Conversation,15:23:00,15:59:00,36,27.62
C043,2026-03-10,Seniors,2,Casual,Window Seat,Reading,8:21:00,9:23:00,62,5.3
C044,2026-03-10,Adult,1,Business Casual,Table with 2 Chairs (Middle),Laptop,9:12:00,12:05:00,173,12.76
C045,2026-03-10,Adult,1,Casual,Window Seat,Phone Browsing,9:23:00,10:17:00,54,9.1
C046,2026-03-10,University Student,1,Casual,Table with 2 Chairs (Middle),Laptop,12:27:00,15:27:00,180,7
C047,2026-03-10,Adult,1,Business Casual,Window Seat,Laptop,13:57:00,16:22:00,145,8.38
C048,2026-03-10,Family,4,Casual,Big Round Table,Conversation,14:08:00,14:41:00,33,37.65
C049,2026-03-10,University Student,1,Casual,Window Seat,Laptop,14:50:00,17:06:00,136,4.98
C050,2026-03-11,Adult,1,Formal Business,Table with 2 Chairs (Middle),Conversation,8:51:00,9:02:00,11,10.1
C051,2026-03-11,University Student,1,Casual,Window Seat,Laptop,9:34:00,12:21:00,167,4.71
C052,2026-03-11,Adult,1,Business Casual,Window Seat,Laptop,10:04:00,11:36:00,92,8.16
C053,2026-03-11,Children,1,Casual,Table with 2 Chairs (Middle),Spacing Out,10:47:00,10:53:00,6,3.96
C054,2026-03-11,Teenagers,2,Casual,Window Seat,Phone Browsing,14:11:00,14:49:00,38,23.5
C055,2026-03-11,Adult,1,Business Casual,Table with 2 Chairs (Middle),Laptop,14:33:00,16:17:00,104,10.62
C056,2026-03-11,Seniors,2,Casual,Window Seat,Reading,15:14:00,16:24:00,70,4.34
C057,2026-03-12,Teenagers,1,Casual,Table with 2 Chairs (Middle),Conversation,7:23:00,7:50:00,27,7.76
C058,2026-03-12,Family,3,Casual,Table for 4,Conversation,7:50:00,8:49:00,59,32.33
C059,2026-03-12,Teenagers,2,Casual,Window Seat,Phone Browsing,9:48:00,10:11:00,23,20.62
C060,2026-03-12,Adult,1,Formal Business,Table with 2 Chairs (Middle),Phone Browsing,11:45:00,12:12:00,27,9.27
C061,2026-03-12,Adult,1,Business Casual,Window Seat,Laptop,12:10:00,14:17:00,127,8.41
C062,2026-03-12,Adult,1,Casual,Table with 2 Chairs (Middle),Laptop,13:14:00,15:32:00,138,10.76
C063,2026-03-12,Adult,1,Business Casual,Table for 4,Phone Browsing,13:33:00,13:52:00,19,7.21
C064,2026-03-13,University Student,1,Casual,Table with 2 Chairs (Middle),Reading,7:06:00,9:07:00,121,4.76
C065,2026-03-13,University Student,1,Casual,Table with 2 Chairs (Middle),Laptop,10:17:00,12:30:00,133,7.3
C066,2026-03-13,University Student,1,Casual,Window Seat,Laptop,10:26:00,12:40:00,134,6.73
C067,2026-03-13,Children,1,Casual,Table with 2 Chairs (Middle),Spacing Out,11:40:00,11:56:00,16,4.3
C068,2026-03-13,Family,4,Casual,Table for 4,Conversation,13:01:00,13:29:00,28,28.66
C069,2026-03-13,Adult,1,Formal Business,Window Seat,Laptop,13:23:00,15:50:00,147,13.92
C070,2026-03-13,Adult,1,Business Casual,Window Seat,Conversation,13:55:00,14:18:00,23,7.15
C071,2026-03-16,Adult,1,Business Casual,Table with 2 Chairs (Middle),Laptop,7:02:00,9:13:00,131,5.27
C072,2026-03-16,Teenagers,2,Casual,Table with 2 Chairs (Middle),Phone Browsing,7:39:00,8:07:00,28,16.04
C073,2026-03-16,University Student,1,Business Casual,Window Seat,Phone Browsing,8:36:00,9:58:00,82,4.56
C074,2026-03-16,Adult,1,Business Casual,Table with 2 Chairs (Middle),Phone Browsing,8:49:00,9:30:00,41,11.85
C075,2026-03-16,Seniors,2,Casual,Window Seat,Conversation,11:34:00,12:38:00,64,7.64
C076,2026-03-16,Adult,1,Business Casual,Window Seat,Phone Browsing,13:11:00,13:57:00,46,11.6
C077,2026-03-16,University Student,1,Casual,Table with 2 Chairs (Middle),Laptop,14:27:00,16:51:00,144,6.86
C078,2026-03-17,Adult,1,Casual,Table for 4,Conversation,7:17:00,8:11:00,54,11.14
C079,2026-03-17,Teenagers,1,Casual,Table with 2 Chairs (Middle),Conversation,8:38:00,9:06:00,28,7.11
C080,2026-03-17,Family,4,Casual,Table for 4,Conversation,9:00:00,9:33:00,33,27.06
C081,2026-03-17,University Student,1,Casual,Window Seat,Laptop,9:12:00,11:29:00,137,7.11
C082,2026-03-17,University Student,1,Casual,Window Seat,Laptop,11:23:00,13:22:00,119,6.18
C083,2026-03-17,Teenagers,3,Casual,Table for 4,Spacing Out,11:59:00,12:28:00,29,26.15
C084,2026-03-17,Adult,1,Business Casual,Window Seat,Conversation,12:57:00,13:36:00,39,6.06
C085,2026-03-18,Seniors,1,Casual,Table with 2 Chairs (Middle),Conversation,8:08:00,8:46:00,38,6.59
C086,2026-03-18,Seniors,2,Casual,Table with 2 Chairs (Middle),Conversation,10:02:00,10:35:00,33,6.1
C087,2026-03-18,Teenagers,2,Casual,Table with 2 Chairs (Middle),Phone Browsing,10:11:00,10:34:00,23,22.8
C088,2026-03-18,Adult,1,Formal Business,Table with 2 Chairs (Middle),Phone Browsing,10:21:00,10:59:00,38,12.57
C089,2026-03-18,Teenagers,2,Casual,Window Seat,Conversation,11:02:00,11:52:00,50,17.25
C090,2026-03-18,Teenagers,1,Casual,Table with 2 Chairs (Middle),Phone Browsing,14:41:00,15:22:00,41,7.69
C091,2026-03-18,Teenagers,2,Casual,Table with 2 Chairs (Middle),Conversation,14:49:00,15:27:00,38,23.87
C092,2026-03-19,Seniors,2,Business Casual,Table with 2 Chairs (Middle),Reading,8:03:00,8:48:00,45,7.62
C093,2026-03-19,Adult,1,Business Casual,Window Seat,Laptop,8:37:00,10:30:00,113,6.27
C094,2026-03-19,Adult,1,Business Casual,Window Seat,Laptop,11:01:00,12:50:00,109,5.77
C095,2026-03-19,Teenagers,2,Casual,Table with 2 Chairs (Middle),Phone Browsing,11:28:00,11:48:00,20,19.68
C096,2026-03-19,University Student,1,Business Casual,Window Seat,Laptop,12:00:00,14:20:00,140,4.33
C097,2026-03-19,Adult,1,Business Casual,Window Seat,Conversation,13:29:00,13:54:00,25,9.07
C098,2026-03-19,University Student,1,Casual,Window Seat,Reading,14:33:00,17:08:00,155,4.25
C099,2026-03-20,Adult,2,Business Casual,Window Seat,Phone Browsing,7:29:00,7:53:00,24,12.06
C100,2026-03-20,University Student,1,Casual,Table with 2 Chairs (Middle),Laptop,9:59:00,12:06:00,127,3.75
C101,2026-03-20,Family,4,Casual,Big Round Table,Conversation,10:50:00,11:41:00,51,26.18
C102,2026-03-20,Adult,1,Business Casual,Window Seat,Conversation,10:59:00,11:30:00,31,4.77
C103,2026-03-20,University Student,1,Casual,Window Seat,Reading,11:46:00,13:00:00,74,6.69
C104,2026-03-20,Teenagers,2,Casual,Table with 2 Chairs (Middle),Phone Browsing,12:11:00,12:31:00,20,20.52
C105,2026-03-20,Adult,1,Business Casual,Table for 4,Phone Browsing,14:32:00,14:49:00,17,11.6
C106,2026-03-23,Seniors,2,Casual,Table with 2 Chairs (Middle),Reading,7:42:00,8:38:00,56,9.75
C107,2026-03-23,Adult,2,Business Casual,Window Seat,Laptop,8:55:00,11:46:00,171,8.42
C108,2026-03-23,Adult,1,Business Casual,Table with 2 Chairs (Middle),Phone Browsing,9:06:00,9:39:00,33,6.21
C109,2026-03-23,Adult,1,Business Casual,Window Seat,Laptop,9:29:00,11:44:00,135,8.5
C110,2026-03-23,Adult,1,Casual,Table with 2 Chairs (Middle),Laptop,10:00:00,12:53:00,173,13.49
C111,2026-03-23,Teenagers,3,Casual,Table for 4,Conversation,14:45:00,15:05:00,20,23.21
C112,2026-03-23,University Student,1,Casual,Window Seat,Phone Browsing,14:47:00,16:53:00,126,6.2
C113,2026-03-24,University Student,1,Casual,Window Seat,Reading,7:58:00,9:47:00,109,6.24
C114,2026-03-24,Family,3,Casual,Table for 4,Conversation,10:28:00,11:14:00,46,33.12
C115,2026-03-24,Adult,1,Business Casual,Table with 2 Chairs (Middle),Laptop,11:30:00,13:18:00,108,5.35
C116,2026-03-24,Family,4,Casual,Big Round Table,Conversation,12:59:00,13:58:00,59,27.89
C117,2026-03-24,Adult,1,Casual,Table with 2 Chairs (Middle),Laptop,13:45:00,15:59:00,134,13.99
C118,2026-03-24,Adult,1,Business Casual,Table for 4,Conversation,14:19:00,15:15:00,56,8.21
C119,2026-03-24,Family,3,Casual,Table for 4,Conversation,15:07:00,15:47:00,40,21.07
C120,2026-03-25,University Student,1,Casual,Window Seat,Phone Browsing,8:04:00,10:07:00,123,6.94
C121,2026-03-25,University Student,1,Casual,Table with 2 Chairs (Middle),Laptop,8:18:00,10:02:00,104,3.84
C122,2026-03-25,Adult,1,Business Casual,Window Seat,Conversation,8:22:00,8:55:00,33,13.75
C123,2026-03-25,Teenagers,2,Casual,Table with 2 Chairs (Middle),Conversation,8:38:00,8:44:00,6,22.44
C124,2026-03-25,Adult,2,Business Casual,Table with 2 Chairs (Middle),Laptop,9:47:00,11:57:00,130,10.44
C125,2026-03-25,University Student,1,Business Casual,Table with 2 Chairs (Middle),Phone Browsing,11:38:00,12:32:00,54,4.54
C126,2026-03-25,University Student,1,Casual,Window Seat,Phone Browsing,12:26:00,14:46:00,140,8.32
C127,2026-03-26,University Student,1,Business Casual,Table with 2 Chairs (Middle),Laptop,7:34:00,10:06:00,152,6.83
C128,2026-03-26,Teenagers,1,Casual,Table with 2 Chairs (Middle),Phone Browsing,7:42:00,8:05:00,23,8.11
C129,2026-03-26,University Student,1,Business Casual,Table with 2 Chairs (Middle),Phone Browsing,11:01:00,12:44:00,103,6.02
C130,2026-03-26,Family,3,Casual,Table for 4,Conversation,14:35:00,15:17:00,42,27.16
C131,2026-03-26,Seniors,2,Business Casual,Window Seat,Conversation,15:01:00,15:36:00,35,7.96
C132,2026-03-26,Teenagers,3,Casual,Table for 4,Spacing Out,15:04:00,15:32:00,28,27.45
C133,2026-03-26,Adult,1,Formal Business,Window Seat,Conversation,15:14:00,16:03:00,49,6.38
C134,2026-03-27,Seniors,2,Casual,Window Seat,Conversation,8:08:00,9:00:00,52,9.73
C135,2026-03-27,Adult,1,Business Casual,Table with 2 Chairs (Middle),Conversation,8:27:00,8:53:00,26,11.52
C136,2026-03-27,Adult,2,Formal Business,Table with 2 Chairs (Middle),Conversation,9:07:00,10:02:00,55,10.41
C137,2026-03-27,Family,4,Casual,Table for 4,Conversation,10:11:00,10:26:00,15,33.28
C138,2026-03-27,Teenagers,2,Casual,Window Seat,Phone Browsing,11:43:00,12:11:00,28,18.08
C139,2026-03-27,University Student,1,Casual,Table with 2 Chairs (Middle),Reading,12:23:00,14:49:00,146,4.48
C140,2026-03-27,Seniors,2,Casual,Table with 2 Chairs (Middle),Spacing Out,14:00:00,14:50:00,50,7.39
C141,2026-03-30,University Student,1,Casual,Table with 2 Chairs (Middle),Laptop,7:55:00,10:01:00,126,5.66
C142,2026-03-30,Adult,1,Formal Business,Window Seat,Conversation,12:18:00,13:18:00,60,4.57
C143,2026-03-30,Teenagers,3,Casual,Big Round Table,Phone Browsing,12:58:00,13:20:00,22,25.04
C144,2026-03-30,Family,3,Casual,Table for 4,Conversation,13:47:00,14:34:00,47,23.28
C145,2026-03-30,Adult,1,Formal Business,Table for 4,Conversation,13:51:00,14:36:00,45,9.63
C146,2026-03-30,Teenagers,1,Casual,Table with 2 Chairs (Middle),Conversation,14:32:00,14:58:00,26,7.46
C147,2026-03-30,Adult,1,Casual,Window Seat,Laptop,15:05:00,17:14:00,129,12.31
C148,2026-03-31,Children,1,Casual,Table with 2 Chairs (Middle),Spacing Out,7:29:00,7:49:00,20,4.32
C149,2026-03-31,Adult,2,Casual,Window Seat,Laptop,8:21:00,10:45:00,144,13.46
C150,2026-03-31,Adult,2,Formal Business,Window Seat,Phone Browsing,9:44:00,10:28:00,44,9.45
C151,2026-03-31,Adult,1,Business Casual,Table with 2 Chairs (Middle),Conversation,11:17:00,11:22:00,5,9.55
C152,2026-03-31,Adult,2,Casual,Table with 2 Chairs (Middle),Phone Browsing,12:03:00,12:39:00,36,5.99
C153,2026-03-31,Adult,1,Casual,Table with 2 Chairs (Middle),Laptop,12:05:00,15:02:00,177,11.27
C154,2026-03-31,Family,3,Casual,Big Round Table,Conversation,13:25:00,13:57:00,32,23.16
C155,2026-04-01,University Student,1,Casual,Table with 2 Chairs (Middle),Phone Browsing,8:43:00,11:16:00,153,6.17
C156,2026-04-01,University Student,1,Casual,Table with 2 Chairs (Middle),Spacing Out,10:09:00,11:46:00,97,4.36
C157,2026-04-01,Seniors,1,Casual,Table for 4,Reading,10:37:00,11:52:00,75,6.62
C158,2026-04-01,Teenagers,2,Casual,Table with 2 Chairs (Middle),Conversation,11:53:00,12:22:00,29,21.13
C159,2026-04-01,University Student,1,Casual,Window Seat,Laptop,12:54:00,14:50:00,116,8.47
C160,2026-04-01,University Student,1,Casual,Table with 2 Chairs (Middle),Laptop,14:31:00,16:24:00,113,7.47
C161,2026-04-01,Adult,1,Business Casual,Table with 2 Chairs (Middle),Laptop,15:22:00,17:24:00,122,10.18
C162,2026-04-02,Family,4,Casual,Table for 4,Conversation,7:33:00,8:23:00,50,29.57
C163,2026-04-02,University Student,1,Casual,Table with 2 Chairs (Middle),Laptop,8:11:00,10:24:00,133,5.38
C164,2026-04-02,Teenagers,2,Casual,Window Seat,Phone Browsing,9:01:00,9:21:00,20,22.88
C165,2026-04-02,Adult,1,Formal Business,Window Seat,Laptop,10:01:00,12:00:00,119,13.42
C166,2026-04-02,Adult,1,Business Casual,Table with 2 Chairs (Middle),Conversation,10:36:00,11:08:00,32,8.63
C167,2026-04-02,Children,1,Casual,Table with 2 Chairs (Middle),Spacing Out,10:49:00,11:16:00,27,5.01
C168,2026-04-02,Adult,2,Business Casual,Table with 2 Chairs (Middle),Laptop,14:07:00,16:29:00,142,7.63
C169,2026-04-03,Seniors,1,Casual,Window Seat,Spacing Out,7:07:00,7:40:00,33,8.45
C170,2026-04-03,Seniors,1,Casual,Table with 2 Chairs (Middle),Conversation,8:00:00,9:30:00,90,4.46
C171,2026-04-03,University Student,1,Casual,Window Seat,Laptop,9:45:00,12:17:00,152,4.56
C172,2026-04-03,University Student,1,Casual,Window Seat,Spacing Out,10:35:00,11:43:00,68,3.98
C173,2026-04-03,University Student,1,Business Casual,Window Seat,Phone Browsing,11:08:00,12:56:00,108,3.67
C174,2026-04-03,Adult,1,Casual,Window Seat,Conversation,12:52:00,13:15:00,23,13.67
C175,2026-04-03,Seniors,1,Casual,Table with 2 Chairs (Middle),Reading,13:03:00,14:00:00,57,8.69
C176,2026-04-06,Adult,1,Business Casual,Window Seat,Laptop,7:01:00,8:50:00,109,4.81
C177,2026-04-06,Adult,1,Business Casual,Table with 2 Chairs (Middle),Laptop,8:13:00,11:03:00,170,5.36
C178,2026-04-06,University Student,1,Casual,Window Seat,Laptop,8:58:00,10:43:00,105,6.97
C179,2026-04-06,Adult,2,Business Casual,Table with 2 Chairs (Middle),Phone Browsing,9:19:00,10:05:00,46,8.64
C180,2026-04-06,Adult,1,Business Casual,Table with 2 Chairs (Middle),Phone Browsing,11:57:00,12:40:00,43,5.13
C181,2026-04-06,Teenagers,3,Casual,Table for 4,Conversation,12:11:00,12:34:00,23,27.1
C182,2026-04-06,Adult,1,Business Casual,Table with 2 Chairs (Middle),Laptop,13:05:00,15:28:00,143,7.11
C183,2026-04-07,Teenagers,1,Casual,Table with 2 Chairs (Middle),Phone Browsing,9:39:00,10:12:00,33,8.34
C184,2026-04-07,University Student,1,Casual,Window Seat,Laptop,10:27:00,12:45:00,138,3.62
C185,2026-04-07,Adult,2,Formal Business,Window Seat,Conversation,11:40:00,12:15:00,35,6.43
C186,2026-04-07,Seniors,2,Casual,Table with 2 Chairs (Middle),Conversation,13:14:00,13:34:00,20,9.06
C187,2026-04-07,Adult,2,Business Casual,Table with 2 Chairs (Middle),Laptop,13:58:00,16:53:00,175,12.83
C188,2026-04-07,Adult,1,Business Casual,Table with 2 Chairs (Middle),Conversation,14:11:00,14:28:00,17,10.96
C189,2026-04-07,Family,5,Casual,Big Round Table,Conversation,14:33:00,15:13:00,40,29.57
C190,2026-04-08,Family,5,Casual,Table for 4,Conversation,8:27:00,9:50:00,83,31.42
C191,2026-04-08,Seniors,2,Business Casual,Table with 2 Chairs (Middle),Conversation,9:06:00,10:03:00,57,7.28
C192,2026-04-08,Teenagers,1,Casual,Table with 2 Chairs (Middle),Conversation,9:09:00,9:30:00,21,8.05
C193,2026-04-08,Adult,2,Business Casual,Window Seat,Conversation,10:15:00,10:58:00,43,10.98
C194,2026-04-08,Teenagers,2,Casual,Table with 2 Chairs (Middle),Conversation,12:50:00,13:08:00,18,20.62
C195,2026-04-08,University Student,1,Casual,Window Seat,Laptop,13:25:00,15:26:00,121,8.21
C196,2026-04-08,Adult,1,Business Casual,Window Seat,Phone Browsing,14:45:00,15:27:00,42,12.92
C197,2026-04-09,Seniors,1,Casual,Window Seat,Reading,7:09:00,8:01:00,52,9.13
C198,2026-04-09,University Student,1,Business Casual,Window Seat,Laptop,10:57:00,13:12:00,135,7.85
C199,2026-04-09,Seniors,1,Casual,Table with 2 Chairs (Middle),Reading,12:44:00,14:12:00,88,5.98
C200,2026-04-09,Adult,1,Casual,Window Seat,Laptop,13:03:00,15:27:00,144,10.41
C201,2026-04-09,Adult,2,Business Casual,Table with 2 Chairs (Middle),Phone Browsing,13:34:00,14:10:00,36,6.94
C202,2026-04-09,Adult,1,Business Casual,Window Seat,Conversation,14:27:00,14:53:00,26,8.29
C203,2026-04-09,Seniors,2,Business Casual,Window Seat,Spacing Out,14:51:00,16:16:00,85,7.57
C204,2026-04-10,Adult,1,Formal Business,Table with 2 Chairs (Middle),Laptop,7:37:00,10:09:00,152,4.85
C205,2026-04-10,Seniors,2,Casual,Window Seat,Conversation,10:11:00,11:21:00,70,4.98
C206,2026-04-10,University Student,1,Casual,Table with 2 Chairs (Middle),Laptop,10:45:00,12:54:00,129,8.43
C207,2026-04-10,University Student,1,Casual,Table with 2 Chairs (Middle),Laptop,13:45:00,16:37:00,172,8.04
C208,2026-04-10,Teenagers,2,Casual,Window Seat,Conversation,14:46:00,15:03:00,17,21.07
C209,2026-04-10,Adult,1,Business Casual,Table with 2 Chairs (Middle),Conversation,14:48:00,15:46:00,58,11.37
C210,2026-04-10,Adult,2,Business Casual,Table with 2 Chairs (Middle),Phone Browsing,15:18:00,15:52:00,34,10.98
C211,2026-04-13,Adult,1,Casual,Window Seat,Phone Browsing,7:50:00,8:17:00,27,9.52
C212,2026-04-13,University Student,1,Casual,Window Seat,Laptop,9:44:00,11:31:00,107,6.72
C213,2026-04-13,Adult,1,Business Casual,Window Seat,Conversation,10:59:00,12:12:00,73,6.45
C214,2026-04-13,Seniors,2,Casual,Table for 4,Reading,11:43:00,12:30:00,47,5.8
C215,2026-04-13,Teenagers,3,Casual,Table for 4,Phone Browsing,12:30:00,12:54:00,24,30.42
C216,2026-04-13,Adult,2,Casual,Window Seat,Laptop,12:48:00,14:41:00,113,13.55
C217,2026-04-13,Seniors,2,Casual,Table for 4,Reading,12:53:00,12:58:00,5,7.63
C218,2026-04-14,Adult,1,Business Casual,Table with 2 Chairs (Middle),Conversation,7:06:00,7:55:00,49,7.93
C219,2026-04-14,Adult,1,Formal Business,Table with 2 Chairs (Middle),Conversation,8:19:00,8:43:00,24,6.22
C220,2026-04-14,Children,1,Casual,Window Seat,Spacing Out,9:25:00,9:37:00,12,5.37
C221,2026-04-14,Teenagers,2,Casual,Table with 2 Chairs (Middle),Phone Browsing,11:07:00,11:27:00,20,15.75
C222,2026-04-14,Adult,1,Casual,Window Seat,Laptop,14:00:00,16:14:00,134,8
C223,2026-04-14,Adult,1,Casual,Window Seat,Laptop,14:37:00,16:30:00,113,7.84
C224,2026-04-14,University Student,1,Casual,Table with 2 Chairs (Middle),Spacing Out,15:09:00,17:39:00,150,4.26
C225,2026-04-15,Adult,1,Formal Business,Table with 2 Chairs (Middle),Conversation,7:04:00,7:40:00,36,7.01
C226,2026-04-15,Teenagers,2,Casual,Table with 2 Chairs (Middle),Conversation,7:48:00,8:03:00,15,21.87
C227,2026-04-15,Adult,2,Business Casual,Table with 2 Chairs (Middle),Laptop,8:28:00,10:07:00,99,7.75
C228,2026-04-15,Adult,1,Business Casual,Window Seat,Laptop,8:44:00,11:26:00,162,12.55
C229,2026-04-15,University Student,1,Casual,Window Seat,Laptop,10:17:00,12:48:00,151,7.32
C230,2026-04-15,Teenagers,2,Casual,Table with 2 Chairs (Middle),Phone Browsing,11:48:00,12:19:00,31,17.19
C231,2026-04-15,University Student,1,Casual,Window Seat,Laptop,15:26:00,16:48:00,82,7.01
C232,2026-04-16,Adult,1,Formal Business,Window Seat,Conversation,7:18:00,7:44:00,26,7.03
C233,2026-04-16,University Student,1,Casual,Window Seat,Phone Browsing,7:33:00,9:26:00,113,6.48
C234,2026-04-16,Family,3,Casual,Table for 4,Conversation,7:50:00,8:47:00,57,35.29
C235,2026-04-16,Adult,1,Casual,Window Seat,Phone Browsing,8:42:00,9:35:00,53,9.33
C236,2026-04-16,Seniors,1,Casual,Table for 4,Reading,9:06:00,9:59:00,53,7.1
C237,2026-04-16,Teenagers,2,Casual,Table with 2 Chairs (Middle),Spacing Out,12:25:00,12:52:00,27,16.75
C238,2026-04-16,Adult,1,Casual,Table with 2 Chairs (Middle),Conversation,12:37:00,13:06:00,29,13.26
C239,2026-04-17,Adult,1,Formal Business,Table for 4,Phone Browsing,7:29:00,8:23:00,54,5.58
C240,2026-04-17,University Student,1,Casual,Table with 2 Chairs (Middle),Laptop,7:36:00,10:07:00,151,4.03
C241,2026-04-17,Adult,1,Business Casual,Window Seat,Conversation,7:40:00,8:11:00,31,6.8
C242,2026-04-17,Adult,1,Business Casual,Table with 2 Chairs (Middle),Laptop,10:58:00,13:34:00,156,8.31
C243,2026-04-17,Adult,1,Casual,Window Seat,Phone Browsing,11:57:00,12:30:00,33,9.8
C244,2026-04-17,Family,4,Casual,Big Round Table,Conversation,13:16:00,14:14:00,58,33.04
C245,2026-04-17,Adult,2,Formal Business,Table with 2 Chairs (Middle),Conversation,14:46:00,15:31:00,45,10.08
C246,2026-04-20,Teenagers,2,Casual,Table with 2 Chairs (Middle),Phone Browsing,7:05:00,7:25:00,20,20.15
C247,2026-04-20,University Student,1,Casual,Window Seat,Laptop,7:32:00,9:18:00,106,4.48
C248,2026-04-20,University Student,1,Casual,Window Seat,Sleeping,9:32:00,12:05:00,153,5.22
C249,2026-04-20,University Student,1,Casual,Window Seat,Reading,9:58:00,11:57:00,119,5.12
C250,2026-04-20,Seniors,2,Casual,Table with 2 Chairs (Middle),Conversation,11:50:00,12:50:00,60,6.11
C251,2026-04-20,University Student,1,Business Casual,Window Seat,Laptop,12:33:00,15:11:00,158,5.35
C252,2026-04-20,University Student,1,Casual,Window Seat,Laptop,14:44:00,16:21:00,97,5.72
C253,2026-04-21,Adult,1,Formal Business,Table with 2 Chairs (Middle),Laptop,7:25:00,9:24:00,119,8.74
C254,2026-04-21,Seniors,1,Casual,Table for 4,Reading,8:00:00,8:36:00,36,4.71
C255,2026-04-21,Teenagers,3,Casual,Table for 4,Conversation,10:32:00,10:51:00,19,22.96
C256,2026-04-21,Family,4,Casual,Table for 4,Conversation,11:44:00,12:31:00,47,31
C257,2026-04-21,Seniors,2,Casual,Window Seat,Reading,14:34:00,15:16:00,42,8.77
C258,2026-04-21,University Student,1,Casual,Table with 2 Chairs (Middle),Sleeping,15:01:00,17:15:00,134,5.95
C259,2026-04-21,University Student,1,Casual,Table with 2 Chairs (Middle),Phone Browsing,15:04:00,16:10:00,66,7.54
C260,2026-04-22,Seniors,2,Casual,Window Seat,Spacing Out,8:39:00,9:05:00,26,6.44
C261,2026-04-22,Adult,1,Casual,Window Seat,Laptop,9:16:00,11:22:00,126,9.95
C262,2026-04-22,University Student,1,Casual,Table with 2 Chairs (Middle),Laptop,9:38:00,11:58:00,140,3.63
C263,2026-04-22,Adult,1,Casual,Window Seat,Conversation,9:48:00,10:15:00,27,10.16
C264,2026-04-22,Seniors,2,Casual,Table with 2 Chairs (Middle),Conversation,10:08:00,11:25:00,77,7.94
C265,2026-04-22,University Student,1,Business Casual,Table with 2 Chairs (Middle),Laptop,12:45:00,15:03:00,138,8.37
C266,2026-04-22,Adult,1,Business Casual,Table with 2 Chairs (Middle),Phone Browsing,14:32:00,15:06:00,34,7.13
C267,2026-04-23,Teenagers,2,Casual,Table with 2 Chairs (Middle),Spacing Out,7:11:00,7:41:00,30,22.97
C268,2026-04-23,Teenagers,3,Casual,Table for 4,Conversation,8:19:00,9:03:00,44,28.27
C269,2026-04-23,University Student,1,Casual,Window Seat,Laptop,12:03:00,14:17:00,134,6.95
C270,2026-04-23,Seniors,1,Casual,Table for 4,Conversation,12:25:00,13:37:00,72,6.49
C271,2026-04-23,University Student,1,Casual,Table with 2 Chairs (Middle),Laptop,12:35:00,14:26:00,111,7.48
C272,2026-04-23,University Student,1,Casual,Window Seat,Phone Browsing,12:36:00,14:46:00,130,5.95
C273,2026-04-23,Teenagers,2,Casual,Window Seat,Phone Browsing,13:28:00,13:41:00,13,21.51
C274,2026-05-07,Adult,1,Casual,Window Seat,Laptop,9:44:00,12:27:00,163,7.73
C275,2026-05-07,Seniors,1,Casual,Table with 2 Chairs (Middle),Spacing Out,11:03:00,11:24:00,21,9.09
C276,2026-05-07,Family,4,Casual,Table for 4,Conversation,12:42:00,12:50:00,8,33
C277,2026-05-07,Teenagers,2,Casual,Table with 2 Chairs (Middle),Conversation,12:46:00,13:19:00,33,15.15
C278,2026-05-07,Family,3,Casual,Table for 4,Conversation,12:56:00,13:26:00,30,25.81
C279,2026-05-07,Adult,2,Business Casual,Window Seat,Conversation,13:34:00,14:04:00,30,12.44
C280,2026-05-07,Family,3,Casual,Big Round Table,Conversation,14:34:00,14:55:00,21,26.51
C281,2026-05-08,University Student,1,Casual,Table with 2 Chairs (Middle),Laptop,7:16:00,9:40:00,144,7.85
C282,2026-05-08,Seniors,2,Business Casual,Table for 4,Reading,7:20:00,7:42:00,22,4.6
C283,2026-05-08,Teenagers,3,Casual,Table for 4,Phone Browsing,9:14:00,9:38:00,24,27.94
C284,2026-05-08,Adult,1,Casual,Window Seat,Conversation,11:22:00,11:46:00,24,5.15
C285,2026-05-08,Seniors,1,Casual,Window Seat,Conversation,12:25:00,13:14:00,49,8.85
C286,2026-05-08,Seniors,2,Casual,Window Seat,Reading,14:43:00,15:54:00,71,6.18
C287,2026-05-08,Adult,1,Business Casual,Window Seat,Laptop,15:02:00,17:00:00,118,12.35
C288,2026-05-11,Adult,1,Business Casual,Window Seat,Laptop,7:40:00,9:37:00,117,6.52
C289,2026-05-11,Seniors,1,Business Casual,Window Seat,Conversation,8:24:00,9:07:00,43,6.16
C290,2026-05-11,Adult,1,Casual,Window Seat,Laptop,9:17:00,11:57:00,160,7.79
C291,2026-05-11,Adult,2,Business Casual,Window Seat,Phone Browsing,9:48:00,10:26:00,38,13.47
C292,2026-05-11,University Student,1,Casual,Window Seat,Laptop,12:12:00,14:36:00,144,4.82
C293,2026-05-11,Adult,1,Business Casual,Table with 2 Chairs (Middle),Phone Browsing,14:25:00,14:48:00,23,12.83
C294,2026-05-11,Adult,1,Formal Business,Window Seat,Laptop,14:44:00,16:34:00,110,7.56
C295,2026-05-12,University Student,1,Casual,Window Seat,Phone Browsing,8:12:00,9:33:00,81,7.85
C296,2026-05-12,Adult,2,Casual,Window Seat,Conversation,8:22:00,9:11:00,49,6.14
C297,2026-05-12,Teenagers,3,Casual,Table for 4,Spacing Out,9:36:00,10:07:00,31,27.57
C298,2026-05-12,Adult,1,Business Casual,Window Seat,Conversation,10:14:00,10:40:00,26,12.43
C299,2026-05-12,University Student,1,Business Casual,Window Seat,Laptop,10:35:00,12:36:00,121,4.06
C300,2026-05-12,Seniors,1,Casual,Window Seat,Reading,13:17:00,14:34:00,77,8.89
C301,2026-05-12,Teenagers,2,Casual,Table with 2 Chairs (Middle),Conversation,15:10:00,15:38:00,28,16.43
C302,2026-05-13,Teenagers,2,Casual,Window Seat,Conversation,7:27:00,7:56:00,29,16.38
C303,2026-05-13,Seniors,1,Casual,Table with 2 Chairs (Middle),Conversation,7:53:00,8:20:00,27,4.6
C304,2026-05-13,University Student,1,Casual,Table with 2 Chairs (Middle),Laptop,8:42:00,11:14:00,152,7.92
C305,2026-05-13,Seniors,1,Business Casual,Table with 2 Chairs (Middle),Reading,9:57:00,11:01:00,64,9.24
C306,2026-05-13,Seniors,2,Business Casual,Table with 2 Chairs (Middle),Reading,11:27:00,12:08:00,41,7.78
C307,2026-05-13,Adult,1,Casual,Table for 4,Conversation,13:46:00,14:11:00,25,11.47
C308,2026-05-13,Seniors,2,Casual,Table with 2 Chairs (Middle),Conversation,13:57:00,14:41:00,44,5.15
C309,2026-05-14,University Student,1,Casual,Table with 2 Chairs (Middle),Laptop,7:16:00,8:42:00,86,7.45
C310,2026-05-14,Adult,1,Formal Business,Window Seat,Laptop,9:00:00,10:50:00,110,9.3
C311,2026-05-14,Teenagers,2,Casual,Window Seat,Conversation,10:05:00,10:24:00,19,21.26
C312,2026-05-14,Adult,1,Formal Business,Table with 2 Chairs (Middle),Phone Browsing,11:42:00,12:12:00,30,7.01
C313,2026-05-14,Children,1,Casual,Window Seat,Spacing Out,12:39:00,13:00:00,21,5.41
C314,2026-05-14,University Student,1,Casual,Window Seat,Laptop,13:01:00,15:26:00,145,6.47
C315,2026-05-14,University Student,1,Casual,Window Seat,Laptop,14:04:00,15:47:00,103,7.48
C316,2026-05-15,Adult,1,Business Casual,Window Seat,Laptop,8:52:00,11:37:00,165,8.67
C317,2026-05-15,University Student,1,Casual,Table with 2 Chairs (Middle),Laptop,9:57:00,11:42:00,105,3.61
C318,2026-05-15,Adult,1,Casual,Table with 2 Chairs (Middle),Laptop,11:02:00,12:41:00,99,7.81
C319,2026-05-15,Adult,2,Business Casual,Window Seat,Laptop,12:43:00,14:23:00,100,13.03
C320,2026-05-15,University Student,1,Casual,Window Seat,Reading,12:54:00,14:57:00,123,7.09
C321,2026-05-15,Adult,1,Casual,Table with 2 Chairs (Middle),Conversation,13:01:00,13:41:00,40,11.2
C322,2026-05-15,Family,5,Casual,Table for 4,Conversation,13:03:00,13:29:00,26,24.11
C323,2026-05-18,Adult,1,Business Casual,Table with 2 Chairs (Middle),Laptop,9:22:00,11:32:00,130,12.72
C324,2026-05-18,Family,3,Casual,Table for 4,Conversation,9:36:00,10:01:00,25,25.29
C325,2026-05-18,Adult,1,Business Casual,Window Seat,Phone Browsing,9:57:00,10:21:00,24,13.7
C326,2026-05-18,Adult,1,Business Casual,Table with 2 Chairs (Middle),Phone Browsing,9:58:00,10:15:00,17,7.07
C327,2026-05-18,Adult,1,Business Casual,Window Seat,Laptop,11:22:00,13:22:00,120,7.78
C328,2026-05-18,University Student,1,Casual,Window Seat,Spacing Out,13:09:00,14:47:00,98,3.76
C329,2026-05-18,University Student,1,Casual,Table with 2 Chairs (Middle),Laptop,14:26:00,16:19:00,113,4.52
C330,2026-05-19,Adult,1,Formal Business,Window Seat,Conversation,8:09:00,8:32:00,23,13.85
C331,2026-05-19,University Student,1,Casual,Window Seat,Laptop,12:59:00,15:11:00,132,6.64
C332,2026-05-19,Adult,2,Business Casual,Table with 2 Chairs (Middle),Phone Browsing,13:18:00,13:44:00,26,7.04
C333,2026-05-19,University Student,1,Casual,Window Seat,Laptop,13:54:00,15:46:00,112,4.4
C334,2026-05-19,Seniors,2,Casual,Table for 4,Reading,14:01:00,15:12:00,71,7.65
C335,2026-05-19,University Student,1,Casual,Table with 2 Chairs (Middle),Phone Browsing,15:18:00,17:08:00,110,5.57
C336,2026-05-19,University Student,1,Casual,Window Seat,Laptop,15:29:00,17:44:00,135,6.74
C337,2026-05-20,Seniors,1,Casual,Window Seat,Conversation,7:15:00,7:56:00,41,9.34
C338,2026-05-20,University Student,1,Casual,Window Seat,Laptop,8:39:00,11:03:00,144,4.09
C339,2026-05-20,Teenagers,3,Casual,Big Round Table,Conversation,9:37:00,10:16:00,39,25.19
C340,2026-05-20,Adult,1,Formal Business,Table with 2 Chairs (Middle),Conversation,10:04:00,10:24:00,20,7.3
C341,2026-05-20,University Student,1,Casual,Window Seat,Laptop,11:09:00,13:26:00,137,6.28
C342,2026-05-20,Adult,1,Formal Business,Window Seat,Phone Browsing,11:14:00,11:54:00,40,6.46
C343,2026-05-20,Teenagers,3,Casual,Table for 4,Conversation,12:43:00,13:12:00,29,28.92
C344,2026-05-21,Adult,1,Business Casual,Table with 2 Chairs (Middle),Laptop,9:16:00,11:02:00,106,9.4
C345,2026-05-21,Family,3,Casual,Table for 4,Conversation,10:38:00,11:01:00,23,31.36
C346,2026-05-21,Teenagers,3,Casual,Big Round Table,Conversation,11:44:00,12:11:00,27,27.54
C347,2026-05-21,Children,1,Casual,Window Seat,Spacing Out,12:22:00,12:43:00,21,4.87
C348,2026-05-21,Adult,2,Business Casual,Table with 2 Chairs (Middle),Laptop,13:17:00,15:46:00,149,6.4
C349,2026-05-21,Teenagers,2,Casual,Table with 2 Chairs (Middle),Conversation,13:58:00,14:30:00,32,18.5
C350,2026-05-21,Adult,1,Business Casual,Window Seat,Phone Browsing,14:32:00,14:56:00,24,13.85
C351,2026-05-22,University Student,1,Business Casual,Table with 2 Chairs (Middle),Spacing Out,7:32:00,8:53:00,81,8.05
C352,2026-05-22,University Student,1,Casual,Window Seat,Laptop,8:41:00,10:54:00,133,5.93
C353,2026-05-22,Adult,1,Formal Business,Window Seat,Conversation,8:47:00,9:30:00,43,9.23
C354,2026-05-22,Children,1,Casual,Table with 2 Chairs (Middle),Spacing Out,10:05:00,10:22:00,17,4.21
C355,2026-05-22,Family,4,Casual,Table for 4,Conversation,11:20:00,12:12:00,52,21.66
C356,2026-05-22,Adult,2,Business Casual,Window Seat,Laptop,11:28:00,13:56:00,148,5.65
C357,2026-05-22,Family,3,Casual,Table for 4,Conversation,15:06:00,16:11:00,65,27.81
C358,2026-05-25,Teenagers,3,Casual,Table for 4,Phone Browsing,7:22:00,7:40:00,18,31.25
C359,2026-05-25,Seniors,1,Casual,Window Seat,Reading,7:33:00,8:26:00,53,8.98
C360,2026-05-25,Teenagers,3,Casual,Table for 4,Phone Browsing,7:52:00,8:11:00,19,30.42
C361,2026-05-25,Adult,2,Business Casual,Table with 2 Chairs (Middle),Conversation,10:24:00,10:59:00,35,7.36
C362,2026-05-25,University Student,1,Casual,Table with 2 Chairs (Middle),Sleeping,12:44:00,15:42:00,178,5.1
C363,2026-05-25,Adult,1,Casual,Window Seat,Laptop,13:44:00,16:15:00,151,6.18
C364,2026-05-25,Teenagers,2,Casual,Table with 2 Chairs (Middle),Conversation,15:21:00,15:50:00,29,18.22
C365,2026-05-26,Adult,1,Business Casual,Table with 2 Chairs (Middle),Conversation,7:12:00,7:17:00,5,7.55
C366,2026-05-26,University Student,1,Business Casual,Table with 2 Chairs (Middle),Laptop,7:55:00,9:56:00,121,5.08
C367,2026-05-26,Family,4,Casual,Table for 4,Conversation,9:57:00,11:00:00,63,27.76
C368,2026-05-26,Adult,1,Casual,Window Seat,Conversation,11:23:00,11:49:00,26,11.23
C369,2026-05-26,Adult,1,Formal Business,Table for 4,Conversation,12:03:00,12:22:00,19,4.94
C370,2026-05-26,University Student,1,Casual,Window Seat,Phone Browsing,12:48:00,14:18:00,90,6.34
C371,2026-05-26,Seniors,2,Casual,Window Seat,Reading,14:07:00,14:52:00,45,5.47
C372,2026-05-27,University Student,1,Casual,Window Seat,Laptop,7:32:00,9:59:00,147,5.86
C373,2026-05-27,University Student,1,Business Casual,Table with 2 Chairs (Middle),Spacing Out,7:45:00,9:33:00,108,7.23
C374,2026-05-27,Adult,1,Business Casual,Table with 2 Chairs (Middle),Laptop,8:32:00,10:26:00,114,6.53
C375,2026-05-27,Adult,1,Business Casual,Table with 2 Chairs (Middle),Conversation,9:45:00,10:09:00,24,5.94
C376,2026-05-27,Adult,1,Business Casual,Table with 2 Chairs (Middle),Conversation,10:14:00,10:49:00,35,4.73
C377,2026-05-27,University Student,1,Casual,Table with 2 Chairs (Middle),Laptop,14:57:00,17:19:00,142,4.44
C378,2026-05-27,Family,4,Casual,Table for 4,Conversation,15:17:00,16:03:00,46,28.89
C379,2026-05-28,Seniors,2,Casual,Window Seat,Conversation,9:20:00,10:49:00,89,6.52
C380,2026-05-28,University Student,1,Casual,Table with 2 Chairs (Middle),Laptop,10:07:00,11:41:00,94,5.4
C381,2026-05-28,Seniors,1,Casual,Table with 2 Chairs (Middle),Reading,10:53:00,11:46:00,53,4.79
C382,2026-05-28,University Student,1,Casual,Window Seat,Laptop,12:04:00,14:28:00,144,6.67
C383,2026-05-28,Adult,1,Formal Business,Table with 2 Chairs (Middle),Conversation,14:03:00,14:56:00,53,13.69
C384,2026-05-28,Adult,2,Business Casual,Window Seat,Laptop,14:33:00,16:43:00,130,5.86
C385,2026-05-28,Adult,2,Casual,Window Seat,Laptop,14:40:00,16:13:00,93,12.03
C386,2026-05-29,Teenagers,3,Casual,Table for 4,Conversation,7:25:00,8:04:00,39,22.44
C387,2026-05-29,University Student,1,Casual,Window Seat,Phone Browsing,8:43:00,10:30:00,107,5.92
C388,2026-05-29,Teenagers,2,Casual,Table with 2 Chairs (Middle),Conversation,11:30:00,11:46:00,16,17.74
C389,2026-05-29,Adult,1,Business Casual,Table with 2 Chairs (Middle),Laptop,13:19:00,15:36:00,137,8.97
C390,2026-05-29,Adult,1,Business Casual,Window Seat,Conversation,14:09:00,14:35:00,26,12.66
C391,2026-05-29,Adult,1,Casual,Table with 2 Chairs (Middle),Conversation,14:51:00,15:33:00,42,4.95
C392,2026-05-29,University Student,1,Casual,Window Seat,Laptop,15:04:00,17:02:00,118,4.22
C393,2026-05-30,University Student,1,Casual,Table with 2 Chairs (Middle),Sleeping,8:42:00,10:53:00,131,6.24
C394,2026-05-30,University Student,1,Casual,Window Seat,Reading,11:41:00,14:01:00,140,5.94
C395,2026-05-30,University Student,1,Business Casual,Window Seat,Laptop,11:47:00,14:43:00,176,3.7
C396,2026-05-30,University Student,1,Casual,Table with 2 Chairs (Middle),Laptop,12:15:00,14:29:00,134,5.41
C397,2026-05-30,University Student,1,Casual,Window Seat,Reading,12:51:00,14:13:00,82,3.62
C398,2026-05-30,University Student,1,Casual,Window Seat,Laptop,13:32:00,16:32:00,180,6.18
C399,2026-05-30,Adult,2,Business Casual,Table with 2 Chairs (Middle),Conversation,13:57:00,14:39:00,42,12.83
